DCM	LD+SR	Clock_Cycles	Clock_Time
4.482206	537.396487	522.889113	0.174298
