DCM	LD+SR	Clock_Cycles	Clock_Time
4.482052	537.396487	522.640214	0.174214
