DCM	LD+SR	Clock_Cycles	Clock_Time
4.481381	537.396487	519.636041	0.173213
