DCM	LD+SR	Clock_Cycles	Clock_Time
4.481326	537.396487	521.163932	0.173723
