DCM	LD+SR	Clock_Cycles	Clock_Time
4.481998	537.396486	519.186635	0.173063
