DCM	LD+SR	Clock_Cycles	Clock_Time
4.482169	537.396486	521.188772	0.17373
