DCM	LD+SR	Clock_Cycles	Clock_Time
4.482336	537.39649	527.063938	0.17569
