DCM	LD+SR	Clock_Cycles	Clock_Time
4.4822	537.396487	521.112276	0.173705
