DCM	LD+SR	Clock_Cycles	Clock_Time
4.481776	537.396493	521.226833	0.173743
