DCM	LD+SR	Clock_Cycles	Clock_Time
4.485689	537.396496	544.898978	0.181634
