DCM	LD+SR	Clock_Cycles	Clock_Time
4.218824	536.872073	531.093309	0.177032
