DCM	LD+SR	Clock_Cycles	Clock_Time
4.215623	536.872074	518.426809	0.17281
