DCM	LD+SR	Clock_Cycles	Clock_Time
4.215409	536.872069	518.833468	0.172945
