DCM	LD+SR	Clock_Cycles	Clock_Time
4.215448	536.872069	518.292913	0.172765
