DCM	LD+SR	Clock_Cycles	Clock_Time
4.215538	536.872069	517.365012	0.172455
