DCM	LD+SR	Clock_Cycles	Clock_Time
4.215965	536.872068	517.505238	0.172503
