DCM	LD+SR	Clock_Cycles	Clock_Time
4.216122	536.872075	534.613746	0.178206
