DCM	LD+SR	Clock_Cycles	Clock_Time
4.221952	536.872069	520.256576	0.17342
