DCM	LD+SR	Clock_Cycles	Clock_Time
4.218665	536.872085	567.591837	0.189198
