DCM	LD+SR	Clock_Cycles	Clock_Time
4.219508	536.87207	519.201625	0.173068
