DCM	LD+SR	Clock_Cycles	Clock_Time
135.012449	536.872095	586.322068	0.195442
