DCM	LD+SR	Clock_Cycles	Clock_Time
135.289914	536.872132	630.247641	0.210083
