DCM	LD+SR	Clock_Cycles	Clock_Time
135.277325	536.872131	631.336763	0.210447
