DCM	LD+SR	Clock_Cycles	Clock_Time
135.206251	536.872093	583.88947	0.194631
