DCM	LD+SR	Clock_Cycles	Clock_Time
135.069658	536.872106	615.664018	0.205222
