DCM	LD+SR	Clock_Cycles	Clock_Time
135.153952	536.872133	633.590296	0.211197
