DCM	LD+SR	Clock_Cycles	Clock_Time
135.18948	536.872096	591.868498	0.19729
