DCM	LD+SR	Clock_Cycles	Clock_Time
135.41897	536.8721370000001	630.893653	0.2103
