DCM	LD+SR	Clock_Cycles	Clock_Time
135.368882	536.872132	625.052149	0.208352
