DCM	LD+SR	Clock_Cycles	Clock_Time
135.065959	536.8720989999999	599.396695	0.1998
