DCM	LD+SR	Clock_Cycles	Clock_Time
3.749589	537.945162	215.989476	0.071997
