DCM	LD+SR	Clock_Cycles	Clock_Time
3.828114	537.945163	215.391851	0.071798
