DCM	LD+SR	Clock_Cycles	Clock_Time
3.354331	537.945162	216.465482	0.072155
