DCM	LD+SR	Clock_Cycles	Clock_Time
3.253916	537.945162	216.313994	0.072105
