DCM	LD+SR	Clock_Cycles	Clock_Time
3.726642	537.945163	216.897627	0.072299
