DCM	LD+SR	Clock_Cycles	Clock_Time
3.599669	537.945163	216.93537	0.072312
