DCM	LD+SR	Clock_Cycles	Clock_Time
2.862985	537.945163	214.808562	0.071603
