DCM	LD+SR	Clock_Cycles	Clock_Time
3.711043	537.945164	216.707897	0.072236
