DCM	LD+SR	Clock_Cycles	Clock_Time
2.675119	537.945162	215.559537	0.071854
