DCM	LD+SR	Clock_Cycles	Clock_Time
2.749525	537.9451650000001	219.577	0.073192
